OBJECTID_1,Planning Region,ARC Modeling Area,Geographic ID for geographic unit,Logical record number,Summary level of geographic unit,Name of geographic unit,"# Renter-occupied housing units, 2020","# Renter-occupied housing units, 2020 (MOE)","# Gross rent less than $500, 2020","# Gross rent less than $500, 2020 (MOE)","% Gross rent less than $500, 2020","% Gross rent less than $500, 2020 (MOE)","# Gross rent $500 to $999, 2020","# Gross rent $500 to $999, 2020 (MOE)","% Gross rent $500 to $999, 2020","% Gross rent $500 to $999, 2020 (MOE)","# Gross rent $1,000 to $1,499, 2020","# Gross rent $1,000 to $1,499, 2020 (MOE)","% Gross rent $1,000 to $1,499, 2020","% Gross rent $1,000 to $1,499, 2020 (MOE)","# Gross rent $1,500 to $1,999, 2020","# Gross rent $1,500 to $1,999, 2020 (MOE)","% Gross rent $1,500 to $1,999, 2020","% Gross rent $1,500 to $1,999, 2020 (MOE)","# Gross rent $2,000 to $2,499, 2020","# Gross rent $2,000 to $2,499, 2020 (MOE)","% Gross rent $2,000 to $2,499, 2020","% Gross rent $2,000 to $2,499, 2020 (MOE)","# Gross rent $2,500 to $2,999, 2020","# Gross rent $2,500 to $2,999, 2020 (MOE)","% Gross rent $2,500 to $2,999, 2020","% Gross rent $2,500 to $2,999, 2020 (MOE)","# Gross rent $3,000 or more, 2020","# Gross rent $3,000 or more, 2020 (MOE)","% Gross rent $3,000 or more, 2020","% Gross rent $3,000 or more, 2020 (MOE)","# Gross rent less than $200, 2020","# Gross rent less than $200, 2020 (MOE)","% Gross rent less than $200, 2020","% Gross rent less than $200, 2020 (MOE)","# Gross rent $200 to $499, 2020","# Gross rent $200 to $499, 2020 (MOE)","% Gross rent $200 to $499, 2020","% Gross rent $200 to $499, 2020 (MOE)","# Gross rent $500 to $749, 2020","# Gross rent $500 to $749, 2020 (MOE)","% Gross rent $500 to $749, 2020","% Gross rent $500 to $749, 2020 (MOE)","# Gross rent $750 to $999, 2020","# Gross rent $750 to $999, 2020 (MOE)","% Gross rent $750 to $999, 2020","% Gross rent $750 to $999, 2020 (MOE)","# Gross rent $1,000 to $1,499, 2020.1","# Gross rent $1,000 to $1,499, 2020 (MOE).1","% Gross rent $1,000 to $1,499, 2020.1","% Gross rent $1,000 to $1,499, 2020 (MOE).1","# Gross rent $1,500 to $1,999, 2020.1","# Gross rent $1,500 to $1,999, 2020 (MOE).1","% Gross rent $1,500 to $1,999, 2020.1","% Gross rent $1,500 to $1,999, 2020 (MOE).1","# Gross rent $2,000 or more, 2020","# Gross rent $2,000 or more, 2020 (MOE)","% Gross rent $2,000 or more, 2020","% Gross rent $2,000 or more, 2020 (MOE)","# Gross rent less than $750, 2020","# Gross rent less than $750, 2020 (MOE)","% Gross rent less than $750, 2020","% Gross rent less than $750, 2020 (MOE)","# Gross rent $1,000 or more, 2020","# Gross rent $1,000 or more, 2020 (MOE)","% Gross rent $1,000 or more, 2020","% Gross rent $1,000 or more, 2020 (MOE)",Shape__Area,Shape__Length
4,Atlanta Regional Commission,Yes,30084,3906,ZCTA,2020 ZCTA 30084,5193.7919,551.291,138.78062,189.66478,2.7,3.7,1061.6871,298.76446,21.0,5.4,2621.7713,451.76263,51.7,6.9,953.06514,335.75786,18.8,6.3,266.6167,210.17973,5.3,4.1,0.33140257,48.201498,0.0,1.0,24.710567,76.465655,0.5,1.5,3.1578032,84.852747,0.1,1.7,135.62281,169.6253,2.7,3.3,153.63759,161.65941,3.0,3.2,908.04953,251.24975,17.9,4.6,2621.7713,451.76263,51.7,6.9,953.06514,335.75786,18.8,6.3,291.65867,228.79227,5.8,4.5,292.4182,249.21174,5.8,4.9,3841.4532,600.83137,75.8,8.5,417797335.510498,165684.785086149
11,Atlanta Regional Commission,Yes,30309,4033,ZCTA,2020 ZCTA 30309,8527.3457,781.17915,284.77503,191.89273,3.4,2.2,837.05026,307.32237,9.9,3.5,2196.5486,428.56431,26.0,4.5,3124.2882,573.0856,37.0,5.8,1147.0989,327.53229,13.6,3.7,534.12706,188.48572,6.3,2.2,330.71007,169.15234,3.9,2.0,47.0,91.487259,0.6,1.1,237.77503,168.67988,2.8,2.0,266.50867,171.33087,3.2,2.0,570.54159,255.13286,6.7,3.0,2196.5486,428.56431,26.0,4.5,3124.2882,573.0856,37.0,5.8,2011.936,414.0251,23.8,4.4,551.2837,257.24908,6.5,3.0,6467.9357,787.00183,76.5,6.0,92792955.1604004,67742.4858638719
39,Atlanta Regional Commission,Yes,30032,3872,ZCTA,2020 ZCTA 30032,9053.0725,593.82056,444.75678,218.20836,5.0,2.4,3900.8644,475.68854,44.2,4.5,3521.0133,482.14479,39.9,4.8,776.41957,245.1129,8.8,2.7,182.63529,152.54155,2.1,1.7,0.0,52.133763,0.0,0.6,0.76584506,74.028896,0.0,0.8,36.728817,96.199997,0.4,1.1,408.02796,195.85824,4.6,2.2,1187.6546,273.4405,13.5,3.0,2713.2097,389.2427,30.7,3.9,3521.0133,482.14479,39.9,4.8,776.41957,245.1129,8.8,2.7,183.40114,177.38977,2.1,2.0,1632.4114,349.8351,18.5,3.8,4480.0682,561.97229,50.8,5.4,381225327.007568,123025.737858433
40,Atlanta Regional Commission,Yes,30033,3873,ZCTA,2020 ZCTA 30033,5194.3755,448.64525,48.966929,134.51764,1.0,2.7,911.68536,261.07592,18.2,5.0,2637.6525,431.45339,52.7,7.2,1140.6579,233.7079,22.8,4.2,180.39746,104.97455,3.6,2.1,40.148782,52.150229,0.8,1.0,45.41477,72.090197,0.9,1.4,23.353728,78.8881,0.5,1.6,25.6132,108.95716,0.5,2.2,105.0634,122.70997,2.1,2.4,806.62196,230.44067,16.1,4.4,2637.6525,431.45339,52.7,7.2,1140.6579,233.7079,22.8,4.2,265.96101,137.60922,5.3,2.7,154.03033,182.07891,3.1,3.6,3958.7079,501.78787,79.1,7.1,246904228.649902,109250.055902475
82,Atlanta Regional Commission,Yes,30307,4031,ZCTA,2020 ZCTA 30307,3189.3968,380.21441,93.458991,117.55425,3.0,3.8,511.07546,249.02762,16.5,7.8,1114.0765,233.13582,35.9,6.1,867.44232,204.42736,28.0,5.6,319.04604,112.53998,10.3,3.4,87.197719,48.854963,2.8,1.5,108.5258,96.351378,3.5,3.1,38.927285,70.580881,1.3,2.3,54.531707,94.007136,1.8,3.0,150.02323,202.35046,4.8,6.5,361.05222,145.15181,11.6,4.5,1114.0765,233.13582,35.9,6.1,867.44232,204.42736,28.0,5.6,514.76956,155.99886,16.6,4.6,243.48223,234.01861,7.9,7.5,2300.5649,329.86074,74.2,5.6,126845388.461914,83373.7804549243
83,Atlanta Regional Commission,Yes,30327,4047,ZCTA,2020 ZCTA 30327,2663.8722,489.30472,167.71509,149.92761,6.5,5.7,69.765446,121.03853,2.7,4.7,723.95792,215.27154,28.2,6.5,901.99329,401.42557,35.2,14.2,331.09185,183.3139,12.9,6.7,181.38102,103.36782,7.1,3.8,190.01574,85.732227,7.4,3.0,69.0,106.39911,2.7,4.1,98.71509,105.62915,3.8,4.1,30.338992,90.141421,1.2,3.5,39.426454,80.776537,1.5,3.1,723.95792,215.27154,28.2,6.5,901.99329,401.42557,35.2,14.2,702.48861,227.24196,27.4,7.2,198.05408,174.93931,7.7,6.7,1957.0431,491.00744,76.3,12.6,495824836.597412,131747.407558839
114,Atlanta Regional Commission,Yes,30340,4057,ZCTA,2020 ZCTA 30340,5864.069,558.65181,184.16535,163.70953,3.2,2.8,1632.9531,351.3894,28.2,5.4,2758.4499,365.81413,47.6,4.4,1117.0777,353.69541,19.3,5.8,101.42772,120.42787,1.7,2.1,3.2511344,42.742873,0.1,0.7,0.0,61.408038,0.0,1.1,0.0,75.20918,0.0,1.3,184.16535,145.4111,3.2,2.5,289.21492,156.34652,5.0,2.7,1343.7382,314.69076,23.2,5.0,2758.4499,365.81413,47.6,4.4,1117.0777,353.69541,19.3,5.8,104.67886,141.7772,1.8,2.4,473.38026,226.37368,8.2,3.8,3976.9554,522.89893,68.6,6.2,230278771.567627,107056.485803281
135,Atlanta Regional Commission,Yes,30002,3853,ZCTA,2020 ZCTA 30002,1455.5974,312.66398,64.373208,81.265944,4.5,5.6,894.90486,317.582,62.4,17.6,395.2982,111.83433,27.6,5.0,63.540038,47.720159,4.4,3.2,15.466919,21.215054,1.1,1.5,0.91810346,19.933695,0.1,1.4,0.0,28.594701,0.0,2.0,6.44526,38.345287,0.4,2.7,57.927948,71.650489,4.0,4.9,258.44752,110.2076,18.0,6.6,636.45734,297.84662,44.4,18.4,395.2982,111.83433,27.6,5.0,63.540038,47.720159,4.4,3.2,16.385022,40.805486,1.1,2.8,322.82073,136.93016,22.5,8.2,474.30516,123.42694,33.1,4.8,47699379.8339844,49857.6991264784
140,Atlanta Regional Commission,Yes,30080,3903,ZCTA,2020 ZCTA 30080,12694.838,1029.1329,79.59576,175.89261,0.6,1.4,1619.6599,360.28404,12.9,2.7,7303.9271,934.16746,58.4,5.7,2758.5754,617.26822,22.0,4.6,462.39406,288.89004,3.7,2.3,157.6038,110.90737,1.3,0.9,130.70379,116.85501,1.0,0.9,0.03443921,96.543496,0.0,0.8,79.561321,147.02912,0.6,1.2,302.575,195.25159,2.4,1.5,1317.0849,302.78937,10.5,2.3,7303.9271,934.16746,58.4,5.7,2758.5754,617.26822,22.0,4.6,750.70166,330.77635,6.0,2.6,382.17076,262.79534,3.1,2.1,10524.897,1156.3504,84.1,6.2,352278003.828369,123641.80313823
147,Atlanta Regional Commission,Yes,30316,4040,ZCTA,2020 ZCTA 30316,5466.1126,535.65785,414.08912,231.07789,7.8,4.3,1093.1508,338.308,20.7,6.1,1962.1748,339.59136,37.2,5.3,1167.2071,281.03031,22.1,4.9,567.23279,238.11396,10.7,4.4,26.670538,45.127327,0.5,0.9,47.12059,99.728128,0.9,1.9,17.614888,80.10273,0.3,1.5,396.47424,216.74996,7.5,4.0,395.8574,255.82,7.5,4.8,697.29337,221.37847,13.2,4.0,1962.1748,339.59136,37.2,5.3,1167.2071,281.03031,22.1,4.9,641.02392,262.06952,12.1,4.8,809.94652,344.73304,15.3,6.4,3696.6147,500.99759,70.0,6.5,365139951.037109,128667.372871525
171,Atlanta Regional Commission,Yes,30030,3871,ZCTA,2020 ZCTA 30030,4209.8888,389.96493,655.3903,247.70097,16.4,6.0,726.29788,216.95283,18.2,5.1,1041.2472,206.34241,26.1,4.5,790.8753,219.93084,19.8,5.2,435.3278,191.57409,10.9,4.7,121.05405,116.78557,3.0,2.9,216.85326,124.35372,5.4,3.1,172.35822,123.08556,4.3,3.1,483.03208,214.95515,12.1,5.3,216.14765,133.34589,5.4,3.3,510.15023,171.13563,12.8,4.1,1041.2472,206.34241,26.1,4.5,790.8753,219.93084,19.8,5.2,773.23511,256.52164,19.4,6.1,871.53795,281.31281,21.9,6.7,2267.4503,357.27776,56.9,7.0,187879492.368896,75749.6102534852
204,Atlanta Regional Commission,Yes,30305,4029,ZCTA,2020 ZCTA 30305,6249.7218,592.20809,395.0,218.08585,6.4,3.5,598.0,258.73679,9.7,4.1,1931.2559,396.06709,31.3,5.7,1994.054,375.58936,32.4,5.2,786.39864,269.7867,12.8,4.2,249.47281,112.14595,4.0,1.8,209.62465,105.61513,3.4,1.7,0.0,75.194059,0.0,1.2,395.0,204.71271,6.4,3.3,235.0,149.85519,3.8,2.4,363.0,210.92213,5.9,3.4,1931.2559,396.06709,31.3,5.7,1994.054,375.58936,32.4,5.2,1245.4961,310.67046,20.2,4.7,630.0,264.60918,10.2,4.2,4711.7085,608.86893,76.4,6.6,181915236.880371,96572.7595850291
205,Atlanta Regional Commission,Yes,30339,4056,ZCTA,2020 ZCTA 30339,10946.91,885.58171,13.837762,141.56171,0.1,1.3,416.13231,210.89738,3.8,1.9,5975.9408,704.39125,54.8,4.7,3757.7883,705.51014,34.5,5.8,532.47292,222.25713,4.9,2.0,133.33762,110.90142,1.2,1.0,66.356924,80.359063,0.6,0.7,0.0,80.919625,0.0,0.7,13.837762,116.15391,0.1,1.1,74.124216,125.83764,0.7,1.2,342.00809,169.24123,3.1,1.5,5975.9408,704.39125,54.8,4.7,3757.7883,705.51014,34.5,5.8,732.16746,261.065,6.7,2.3,87.961978,189.40652,0.8,1.7,10266.202,1021.4254,94.2,5.4,286819050.276855,156308.513924853
260,Atlanta Regional Commission,Yes,30079,3902,ZCTA,2020 ZCTA 30079,721.51471,122.06859,180.79601,103.06446,25.1,13.7,233.07556,110.33668,32.3,14.3,252.71344,101.04885,35.1,12.7,31.473804,38.136399,4.4,5.2,14.528179,36.640852,2.0,5.1,4.3290229,11.274946,0.6,1.6,3.7451006,21.855748,0.5,3.0,21.576348,31.062307,3.0,4.3,159.21966,98.272149,22.1,13.1,88.023468,60.451584,12.2,8.1,145.05209,92.302708,20.1,12.3,252.71344,101.04885,35.1,12.7,31.473804,38.136399,4.4,5.2,22.602303,44.12879,3.1,6.1,268.81947,119.48505,37.3,15.3,298.71542,114.05177,41.5,14.2,32871845.3586426,41254.550771367
277,Atlanta Regional Commission,Yes,30067,3894,ZCTA,2020 ZCTA 30067,11202.484,641.51744,9.4775615,160.21591,0.1,1.4,1840.6501,339.80926,16.6,2.9,7313.2826,607.80759,65.8,4.0,1444.6686,320.40137,13.0,2.8,280.94039,192.43556,2.5,1.7,29.356721,56.469748,0.3,0.5,200.63489,291.16026,1.8,2.6,0.0,93.355462,0.0,0.8,9.4775615,130.20712,0.1,1.2,242.38173,156.86078,2.2,1.4,1598.2684,301.43827,14.4,2.6,7313.2826,607.80759,65.8,4.0,1444.6686,320.40137,13.0,2.8,510.93201,353.54572,4.6,3.2,251.85929,224.21962,2.3,2.0,9038.8917,713.52544,81.3,4.4,408040753.534912,149709.326552132
318,Atlanta Regional Commission,Yes,30308,4032,ZCTA,2020 ZCTA 30308,8335.3661,942.36132,1251.673,424.05682,15.1,4.8,443.85373,209.09446,5.4,2.4,2901.6269,773.59671,35.0,8.4,2418.8677,384.38311,29.2,3.2,842.21647,420.96928,10.2,4.9,371.51881,142.70932,4.5,1.6,66.349749,87.573631,0.8,1.1,180.66397,138.20731,2.2,1.6,1071.0091,400.90264,12.9,4.6,185.62051,147.71909,2.2,1.8,258.23322,147.98502,3.1,1.7,2901.6269,773.59671,35.0,8.4,2418.8677,384.38311,29.2,3.2,1280.085,453.0455,15.4,5.2,1437.2935,449.04913,17.3,5.0,6162.711,960.94608,74.3,7.9,44530709.5258789,40115.1270445138
319,Atlanta Regional Commission,Yes,30310,4034,ZCTA,2020 ZCTA 30310,6531.8432,546.60887,1114.1345,282.16835,17.4,4.2,2341.5755,377.33467,36.6,5.0,2479.3776,421.61071,38.8,5.7,457.03934,147.34785,7.2,2.2,0.0,49.185408,0.0,0.8,0.0,49.185408,0.0,0.8,0.0,69.558671,0.0,1.1,191.414,119.82308,3.0,1.9,922.72049,255.46313,14.4,3.8,965.32392,267.12531,15.1,4.0,1376.2516,266.50614,21.5,3.7,2479.3776,421.61071,38.8,5.7,457.03934,147.34785,7.2,2.2,0.0,98.370815,0.0,1.5,2079.4584,388.5549,32.5,5.4,2936.4169,449.31746,45.9,5.8,239653297.30957,103371.437286424
320,Atlanta Regional Commission,Yes,30312,4036,ZCTA,2020 ZCTA 30312,7780.82,741.90567,1461.8499,404.96181,19.0,4.9,1333.7246,505.86776,17.3,6.4,2370.4744,465.77114,30.8,5.3,1651.399,267.09928,21.4,2.8,664.32615,178.20241,8.6,2.2,115.34559,78.974851,1.5,1.0,104.27872,123.44154,1.4,1.6,386.82448,214.79252,5.0,2.7,1075.0254,343.30488,14.0,4.3,745.60978,472.2228,9.7,6.1,588.11481,181.40513,7.6,2.2,2370.4744,465.77114,30.8,5.3,1651.399,267.09928,21.4,2.8,883.95046,230.71831,11.5,2.8,2207.4597,622.08395,28.7,7.6,4686.1995,565.72155,60.8,4.4,92280850.548584,84821.8772433678
348,Atlanta Regional Commission,Yes,30303,4028,ZCTA,2020 ZCTA 30303,2085.7689,425.60959,339.28401,173.11394,16.4,7.6,195.11038,220.50251,9.4,10.5,631.82069,220.07356,30.5,8.6,786.90033,290.74236,38.0,11.7,67.120223,58.656258,3.2,2.8,11.558606,19.964246,0.6,1.0,41.681889,53.604758,2.0,2.6,147.06112,146.30568,7.1,6.9,192.22289,92.536944,9.3,4.0,121.29959,210.53772,5.9,10.1,73.810789,65.537977,3.6,3.1,631.82069,220.07356,30.5,8.6,786.90033,290.74236,38.0,11.7,120.36072,81.930444,5.8,3.8,460.5836,272.5703,22.2,12.3,1485.8412,369.32918,71.7,10.1,28897251.6147461,35595.1054394775
355,Atlanta Regional Commission,Yes,30306,4030,ZCTA,2020 ZCTA 30306,4756.4507,530.54277,113.26595,144.42998,2.4,3.1,521.78539,219.88763,11.1,4.5,1779.7564,404.50764,37.8,7.5,1345.782,279.8843,28.6,5.0,421.37759,137.2695,9.0,2.7,168.41659,77.155441,3.6,1.6,353.6884,232.13639,7.5,4.9,26.592244,82.82037,0.6,1.8,86.673705,118.325,1.8,2.5,96.04751,121.45487,2.0,2.6,425.73788,183.30108,9.1,3.8,1779.7564,404.50764,37.8,7.5,1345.782,279.8843,28.6,5.0,943.48257,280.50522,20.1,5.5,209.31346,188.70958,4.4,4.0,3546.916,510.69028,75.4,6.8,128138849.703125,76444.2616812133
357,Atlanta Regional Commission,Yes,30326,4046,ZCTA,2020 ZCTA 30326,2617.8087,338.65982,0.0,59.798048,0.0,2.3,9.0,56.907773,0.3,2.2,532.64181,175.5844,20.5,6.2,1101.312,289.07995,42.4,9.7,568.20784,201.18004,21.9,7.2,141.17402,108.93457,5.4,4.1,245.19764,143.24714,9.4,5.4,0.0,34.524419,0.0,1.3,0.0,48.824901,0.0,1.9,0.0,44.570833,0.0,1.7,9.0,35.382701,0.3,1.4,532.64181,175.5844,20.5,6.2,1101.312,289.07995,42.4,9.7,954.5795,269.92571,36.7,9.2,0.0,74.581269,0.0,2.9,2202.1616,393.5359,84.8,10.4,21009988.369873,27809.0656193791
359,Atlanta Regional Commission,Yes,30311,4035,ZCTA,2020 ZCTA 30311,8775.6275,763.3277,1409.7666,356.8199,16.4,3.9,4366.454,649.2701,50.7,6.0,2407.3963,577.2966,28.0,6.2,399.55351,204.83021,4.6,2.3,28.51194,54.932709,0.3,0.6,0.0,46.844475,0.0,0.5,0.0,66.248092,0.0,0.8,108.15237,104.03791,1.3,1.2,1301.6142,341.31592,15.1,3.7,1351.3178,363.57576,15.7,4.0,3015.1362,537.92595,35.0,5.4,2407.3963,577.2966,28.0,6.2,399.55351,204.83021,4.6,2.3,28.51194,97.983759,0.3,1.1,2761.0844,509.41906,32.1,5.2,2835.4617,615.01576,32.9,6.5,347910071.476318,99375.336358999
360,Atlanta Regional Commission,Yes,30329,4049,ZCTA,2020 ZCTA 30329,7543.4974,568.13217,185.32382,173.21992,2.5,2.3,494.53473,193.74395,6.6,2.5,3813.3903,412.61544,50.9,3.9,2308.3322,499.94474,30.8,6.3,380.25343,128.44644,5.1,1.7,117.39987,68.680149,1.6,0.9,196.4856,89.900803,2.6,1.2,46.0,90.777211,0.6,1.2,139.32382,147.52844,1.9,2.0,49.506973,106.90588,0.7,1.4,445.02776,161.57923,5.9,2.1,3813.3903,412.61544,50.9,3.9,2308.3322,499.94474,30.8,6.3,694.1389,171.16543,9.3,2.2,234.8308,203.55346,3.1,2.7,6501.976,660.82882,86.7,5.9,154399279.171875,100276.012289248
363,Atlanta Regional Commission,Yes,30360,4066,ZCTA,2020 ZCTA 30360,2944.0599,344.41376,16.541876,96.023913,0.6,3.3,452.45987,180.55458,15.5,5.9,1883.493,333.88372,64.4,8.5,468.70747,145.44617,16.0,4.6,101.3357,71.822127,3.5,2.4,2.5690484,32.588204,0.1,1.1,0.0,46.086681,0.0,1.6,0.0,56.444426,0.0,1.9,16.541876,77.682808,0.6,2.7,21.554312,76.091065,0.7,2.6,430.90556,163.73792,14.7,5.3,1883.493,333.88372,64.4,8.5,468.70747,145.44617,16.0,4.6,103.90474,91.347639,3.6,3.1,38.096187,122.51711,1.3,4.2,2453.5361,371.20256,83.9,8.0,174372890.587891,93996.2990788536
364,Atlanta Regional Commission,Yes,30363,4067,ZCTA,2020 ZCTA 30363,1158.6719,210.86439,17.811131,54.323068,1.6,4.9,67.620306,86.213477,6.1,7.7,191.128,100.94799,17.2,8.4,447.6174,147.80235,40.2,10.6,281.19328,136.44594,25.3,11.2,28.640038,63.050764,2.6,5.6,78.698191,82.530948,7.1,7.3,0.0,24.516438,0.0,2.2,17.811131,48.47618,1.6,4.3,19.576735,59.065471,1.8,5.3,48.043571,62.801542,4.3,5.6,191.128,100.94799,17.2,8.4,447.6174,147.80235,40.2,10.6,388.53151,171.47668,34.9,13.8,37.387865,80.247901,3.4,7.2,919.93869,225.06338,82.7,11.9,6883517.72070313,13843.5016431987
366,Atlanta Regional Commission,Yes,30313,4037,ZCTA,2020 ZCTA 30313,1599.0061,297.70281,233.35896,123.43888,14.6,7.2,341.51709,133.49228,21.4,7.4,631.33167,244.60571,39.6,13.4,311.02993,152.83487,19.5,8.9,54.039087,38.638376,3.4,2.3,21.640771,32.929688,1.4,2.1,0.0,40.818943,0.0,2.6,52.530259,68.9888,3.3,4.3,180.8287,102.36065,11.4,6.1,130.73576,71.976272,8.2,4.2,210.78133,112.426,13.2,6.6,631.33167,244.60571,39.6,13.4,311.02993,152.83487,19.5,8.9,75.679859,65.141957,4.8,4.0,364.09472,142.89066,22.9,7.9,996.40069,291.00408,62.6,14.0,32737082.2424316,46027.2770207324
367,Atlanta Regional Commission,Yes,30337,4054,ZCTA,2020 ZCTA 30337,3837.9186,744.75159,320.09753,146.53904,8.4,3.5,2261.1793,697.03552,59.2,14.2,1009.4697,277.27564,26.4,5.1,218.91697,268.35997,5.7,6.9,10.0,30.791064,0.3,0.8,0.0,27.983739,0.0,0.7,0.0,39.574983,0.0,1.0,123.0,106.55641,3.2,2.7,197.09753,100.59533,5.2,2.4,577.19218,180.66682,15.1,3.7,1683.9872,673.21468,44.1,15.4,1009.4697,277.27564,26.4,5.1,218.91697,268.35997,5.7,6.9,10.0,57.422631,0.3,1.5,897.2897,232.62457,23.5,4.0,1238.3867,387.10069,32.4,7.9,341310185.20459,99650.8817101206
368,Atlanta Regional Commission,Yes,30338,4055,ZCTA,2020 ZCTA 30338,6277.5083,730.871,10.71315,147.24832,0.2,2.4,210.66936,241.7703,3.4,3.9,3101.7796,724.61977,50.3,10.1,2428.1057,409.10307,39.4,4.7,283.6343,148.29887,4.6,2.3,49.289515,63.860773,0.8,1.0,83.368788,106.4409,1.4,1.7,4.4915824,85.212611,0.1,1.4,6.2215679,120.08696,0.1,1.9,10.47041,108.61433,0.2,1.8,200.19895,215.99955,3.2,3.5,3101.7796,724.61977,50.3,10.1,2428.1057,409.10307,39.4,4.7,416.29261,193.39187,6.7,3.0,21.18356,182.97306,0.3,3.0,5813.5196,845.24061,94.3,7.8,277092942.85791,92207.7851750218
372,Atlanta Regional Commission,Yes,30314,4038,ZCTA,2020 ZCTA 30314,5218.3117,490.57512,595.57749,197.6946,11.8,3.8,2628.4459,466.09167,52.1,7.8,1437.1225,230.59208,28.5,3.7,375.04041,152.29165,7.4,2.9,6.0,44.026597,0.1,0.9,0.0,45.103672,0.0,0.9,0.0,63.786225,0.0,1.3,144.59542,104.77189,2.9,2.1,450.98207,167.64846,8.9,3.2,1114.2456,337.75583,22.1,6.3,1514.2003,321.18911,30.0,5.7,1437.1225,230.59208,28.5,3.7,375.04041,152.29165,7.4,2.9,6.0,89.673659,0.1,1.8,1709.8231,391.35937,33.9,7.0,1818.1629,279.82815,36.1,4.3,127150930.168457,72581.7703859917
373,Atlanta Regional Commission,Yes,30344,4060,ZCTA,2020 ZCTA 30344,8031.3363,685.30868,229.44386,158.98146,3.0,2.0,3173.7141,554.7897,41.0,6.2,3340.359,555.39759,43.1,6.1,979.03162,263.28699,12.6,3.2,2.4989617,46.773394,0.0,0.6,4.5032058,54.981704,0.1,0.7,20.0,72.135295,0.3,0.9,3.9627907,80.202738,0.1,1.0,225.48107,137.26844,2.9,1.8,628.45451,202.00588,8.1,2.5,2545.2596,516.70614,32.8,6.0,3340.359,555.39759,43.1,6.1,979.03162,263.28699,12.6,3.2,27.002167,102.05018,0.3,1.3,857.89837,257.06318,11.1,3.2,4321.8896,616.42053,55.8,6.3,338950102.968506,150433.073486989
375,Atlanta Regional Commission,Yes,30315,4039,ZCTA,2020 ZCTA 30315,8290.6198,809.64597,1466.8176,333.60347,18.0,3.7,4185.7617,735.8691,51.5,7.5,1887.2175,333.20298,23.2,3.4,364.5439,142.89379,4.5,1.7,67.973576,63.258268,0.8,0.8,150.0,231.4744,1.8,2.8,6.3204226,75.363774,0.1,0.9,417.09289,197.05281,5.1,2.4,1049.7247,269.18668,12.9,3.1,1894.3472,612.79564,23.3,7.2,2291.4146,407.41238,28.2,4.2,1887.2175,333.20298,23.2,3.4,364.5439,142.89379,4.5,1.7,224.294,251.51879,2.8,3.1,3361.1647,697.71754,41.3,7.5,2319.735,368.02781,28.5,3.5,320135227.282715,106557.60482803
379,Atlanta Regional Commission,Yes,30341,4058,ZCTA,2020 ZCTA 30341,7071.987,630.23127,408.82028,347.31875,5.9,5.0,763.1166,276.25204,11.1,3.9,3692.3796,484.72281,53.6,5.1,1590.0538,345.71996,23.1,4.6,381.62585,159.78092,5.5,2.3,56.95379,64.049876,0.8,0.9,0.0,66.009588,0.0,1.0,37.945435,98.373845,0.6,1.4,370.87484,333.09593,5.4,4.8,162.05271,175.94232,2.4,2.5,601.06389,212.97768,8.7,3.0,3692.3796,484.72281,53.6,5.1,1590.0538,345.71996,23.1,4.6,438.57964,184.36267,6.4,2.6,570.87299,389.34049,8.3,5.6,5664.0592,616.44825,82.2,5.0,278989169.321045,126987.834082374
380,Atlanta Regional Commission,Yes,30342,4059,ZCTA,2020 ZCTA 30342,6755.4673,751.3152,2.2849095,134.32307,0.0,2.0,564.65745,271.82355,8.4,3.9,3253.3165,620.70712,48.5,7.5,2195.5605,536.36257,32.7,7.1,287.3379,134.62353,4.3,1.9,153.16476,99.827789,2.3,1.5,249.51566,157.21095,3.7,2.3,0.0,77.587932,0.0,1.2,2.2849095,109.64853,0.0,1.6,64.517126,117.88506,1.0,1.8,500.14032,244.93092,7.5,3.6,3253.3165,620.70712,48.5,7.5,2195.5605,536.36257,32.7,7.1,690.01833,229.792,10.3,3.2,66.802035,178.71647,1.0,2.7,5736.2149,831.3156,85.5,7.9,251763027.234863,101378.458971492
381,Atlanta Regional Commission,Yes,30317,4041,ZCTA,2020 ZCTA 30317,2014.9219,312.0396,223.56456,119.49158,11.3,5.8,450.46068,171.74497,22.7,7.9,881.6226,273.43216,44.5,11.9,251.04065,108.24241,12.7,5.1,138.48786,73.109267,7.0,3.5,19.021561,30.758987,1.0,1.5,15.921719,42.731054,0.8,2.2,70.31372,63.260677,3.6,3.1,153.25084,101.3722,7.7,5.0,146.94884,113.38034,7.4,5.6,303.51184,129.00091,15.3,6.1,881.6226,273.43216,44.5,11.9,251.04065,108.24241,12.7,5.1,173.43114,90.094524,8.8,4.3,370.5134,164.722,18.7,7.8,1271.1511,303.02892,64.2,11.5,99671032.4614258,72961.601172866
382,Atlanta Regional Commission,Yes,30345,4061,ZCTA,2020 ZCTA 30345,5479.7406,591.39079,63.598829,126.02189,1.2,2.3,511.69616,203.45545,9.4,3.6,2916.7161,500.39686,53.5,7.1,1696.4588,473.99332,31.1,8.0,234.36585,122.31179,4.3,2.2,23.125198,46.21414,0.4,0.8,7.5211763,56.780188,0.1,1.0,27.831609,75.87947,0.5,1.4,35.76722,100.6172,0.7,1.8,15.093292,89.525169,0.3,1.6,496.60287,182.7002,9.1,3.2,2916.7161,500.39686,53.5,7.1,1696.4588,473.99332,31.1,8.0,265.01223,142.54792,4.9,2.6,78.692121,154.58419,1.4,2.8,4847.5407,700.01918,88.9,8.5,199471400.625,112914.024890588
383,Atlanta Regional Commission,Yes,30324,4045,ZCTA,2020 ZCTA 30324,10348.415,851.77848,493.51318,357.43996,4.9,3.5,551.75523,228.95018,5.4,2.2,4373.3093,682.09022,43.0,5.6,3359.5159,511.14193,33.0,4.2,1256.132,360.50387,12.4,3.4,53.790604,68.192673,0.5,0.7,79.019713,84.425798,0.8,0.8,102.0,130.1468,1.0,1.3,391.51318,332.90409,3.9,3.3,119.96702,142.30799,1.2,1.4,431.78821,179.35056,4.2,1.7,4373.3093,682.09022,43.0,5.6,3359.5159,511.14193,33.0,4.2,1388.9423,376.48505,13.7,3.5,613.4802,384.72703,6.0,3.7,8988.9573,925.45998,88.4,5.2,148457277.567139,90081.0199752173
384,Atlanta Regional Commission,Yes,30328,4048,ZCTA,2020 ZCTA 30328,7881.3488,741.7776,309.63837,197.51169,4.0,2.5,560.07454,264.74041,7.2,3.4,3201.9796,573.26911,41.4,6.3,2352.2938,488.85757,30.4,5.6,818.36232,301.27467,10.6,3.8,378.87456,166.17363,4.9,2.1,115.42475,99.677309,1.5,1.3,44.0,93.889309,0.6,1.2,265.63837,173.769,3.4,2.2,136.94523,151.41349,1.8,1.9,423.12931,217.16685,5.5,2.8,3201.9796,573.26911,41.4,6.3,2352.2938,488.85757,30.4,5.6,1312.6616,358.21177,17.0,4.3,446.5836,248.87128,5.8,3.2,6372.6357,811.40965,82.4,6.9,361117899.858154,103902.353596413
385,Atlanta Regional Commission,Yes,30346,4062,ZCTA,2020 ZCTA 30346,2152.4521,372.71019,18.508417,64.88753,0.9,3.1,5.6427331,53.907687,0.3,2.6,1036.4679,402.4414,49.1,17.0,852.37664,281.31933,40.4,11.3,172.04713,168.06498,8.2,7.8,23.899035,41.695196,1.1,2.0,0.0,26.432916,0.0,1.3,18.508417,45.981457,0.9,2.2,0.0,45.783154,0.0,2.2,5.6427331,43.104409,0.3,2.0,0.0,32.373579,0.0,1.5,1036.4679,402.4414,49.1,17.0,852.37664,281.31933,40.4,11.3,195.94616,175.16571,9.3,8.1,24.15115,77.899818,1.1,3.7,2060.8917,518.98505,97.7,17.5,28137884.2817383,22098.4896753096
388,Atlanta Regional Commission,Yes,30318,4042,ZCTA,2020 ZCTA 30318,13663.683,990.52262,1495.5737,569.84019,11.2,4.2,2796.7222,530.80377,21.0,3.7,4702.9806,672.00046,35.3,4.3,2865.1729,446.11019,21.5,3.0,1070.1702,350.66933,8.0,2.6,205.72741,147.18218,1.5,1.1,175.63323,136.72173,1.3,1.0,191.86289,166.33259,1.4,1.2,1303.7108,545.02414,9.8,4.0,862.0225,311.72691,6.5,2.3,1934.6997,429.62655,14.5,3.0,4702.9806,672.00046,35.3,4.3,2865.1729,446.11019,21.5,3.0,1451.5309,404.13414,10.9,2.9,2357.5962,649.53176,17.7,4.7,8638.3237,879.52709,64.9,4.6,570977600.411621,177470.639417629
389,Atlanta Regional Commission,Yes,30354,4065,ZCTA,2020 ZCTA 30354,3913.1268,596.88097,413.09059,370.16198,11.4,10.1,1115.1886,303.0639,30.8,6.6,1878.3672,470.27862,51.9,9.7,198.8555,109.50819,5.5,2.9,0.16350184,31.496797,0.0,0.9,0.0,31.456041,0.0,0.9,11.030082,45.917414,0.3,1.3,12.027061,60.170692,0.3,1.7,401.06352,365.2388,11.1,9.9,534.58285,226.06211,14.8,5.7,580.60575,201.85057,16.1,4.9,1878.3672,470.27862,51.9,9.7,198.8555,109.50819,5.5,2.9,11.193583,63.952636,0.3,1.8,947.67343,433.7326,26.2,11.2,2077.3862,483.88643,57.4,9.4,299321864.313477,93169.3602211085
391,Atlanta Regional Commission,Yes,30319,4043,ZCTA,2020 ZCTA 30319,7870.428,616.82956,259.23977,294.66755,3.3,3.8,371.23652,206.08646,4.8,2.6,2914.3555,424.68112,37.6,4.6,2841.9278,444.42976,36.6,4.9,907.53841,248.17999,11.7,3.1,152.65342,102.17973,2.0,1.3,314.17285,139.2607,4.0,1.8,41.054567,101.59463,0.5,1.3,218.18521,276.59989,2.8,3.6,144.09754,155.84412,1.9,2.0,227.13898,134.84894,2.9,1.7,2914.3555,424.68112,37.6,4.6,2841.9278,444.42976,36.6,4.9,1374.3647,302.36988,17.7,3.6,403.33731,333.3412,5.2,4.3,6663.8217,662.9217,85.9,5.1,290917087.522217,108263.855213994
